{
  "ci_high": 0.5599999999999999,
  "ci_low": 0.415,
  "diffs": [
    0.365,
    0.365,
    0.38999999999999996,
    0.38999999999999996,
    0.39,
    0.39499999999999996,
    0.39499999999999996,
    0.39999999999999997,
    0.39999999999999997,
    0.39999999999999997,
    0.4,
    0.40499999999999997,
    0.40499999999999997,
    0.40499999999999997,
    0.40499999999999997,
    0.41,
    0.41,
    0.41,
    0.41,
    0.41,
    0.41,
    0.41,
    0.41,
    0.41000000000000003,
    0.415,
    0.415,
    0.415,
    0.415,
    0.415,
    0.415,
    0.415,
    0.415,
    0.415,
    0.415,
    0.415,
    0.415,
    0.415,
    0.42,
    0.42,
    0.42,
    0.42,
    0.42,
    0.42,
    0.42,
    0.425,
    0.425,
    0.425,
    0.425,
    0.425,
    0.425,
    0.425,
    0.425,
    0.425,
    0.425,
    0.425,
    0.425,
    0.425,
    0.425,
    0.425,
    0.425,
    0.425,
    0.43,
    0.43,
    0.43,
    0.43,
    0.43,
    0.43,
    0.43,
    0.43,
    0.43,
    0.43,
    0.43,
    0.43,
    0.43,
    0.43,
    0.43,
    0.43,
    0.435,
    0.435,
    0.435,
    0.435,
    0.435,
    0.435,
    0.435,
    0.435,
    0.435,
    0.435,
    0.435,
    0.435,
    0.435,
    0.435,
    0.435,
    0.435,
    0.435,
    0.435,
    0.43999999999999995,
    0.43999999999999995,
    0.44,
    0.44,
    0.44,
    0.44,
    0.44,
    0.44,
    0.44,
    0.44,
    0.44,
    0.44,
    0.44,
    0.44,
    0.44,
    0.44,
    0.44,
    0.44,
    0.44,
    0.44,
    0.44,
    0.44,
    0.44499999999999995,
    0.44499999999999995,
    0.44499999999999995,
    0.44499999999999995,
    0.445,
    0.445,
    0.445,
    0.445,
    0.445,
    0.445,
    0.445,
    0.445,
    0.445,
    0.445,
    0.445,
    0.445,
    0.445,
    0.445,
    0.445,
    0.445,
    0.445,
    0.445,
    0.445,
    0.445,
    0.445,
    0.445,
    0.445,
    0.445,
    0.445,
    0.445,
    0.445,
    0.445,
    0.445,
    0.445,
    0.445,
    0.445,
    0.445,
    0.445,
    0.445,
    0.44999999999999996,
    0.44999999999999996,
    0.44999999999999996,
    0.44999999999999996,
    0.44999999999999996,
    0.45,
    0.45,
    0.45,
    0.45,
    0.45,
    0.45,
    0.45,
    0.45,
    0.45,
    0.45,
    0.45,
    0.45,
    0.45,
    0.45,
    0.45,
    0.45,
    0.45,
    0.45,
    0.45,
    0.45,
    0.45,
    0.45,
    0.45,
    0.45,
    0.45,
    0.45,
    0.45,
    0.45,
    0.45,
    0.45,
    0.45,
    0.45,
    0.45,
    0.45,
    0.45,
    0.45499999999999996,
    0.45499999999999996,
    0.45499999999999996,
    0.45499999999999996,
    0.45499999999999996,
    0.45499999999999996,
    0.45499999999999996,
    0.45499999999999996,
    0.45499999999999996,
    0.45499999999999996,
    0.45499999999999996,
    0.45499999999999996,
    0.45499999999999996,
    0.45499999999999996,
    0.45499999999999996,
    0.455,
    0.455,
    0.455,
    0.455,
    0.455,
    0.455,
    0.455,
    0.455,
    0.455,
    0.455,
    0.455,
    0.455,
    0.455,
    0.455,
    0.455,
    0.455,
    0.455,
    0.455,
    0.455,
    0.455,
    0.455,
    0.455,
    0.455,
    0.455,
    0.455,
    0.455,
    0.455,
    0.455,
    0.455,
    0.45999999999999996,
    0.45999999999999996,
    0.45999999999999996,
    0.45999999999999996,
    0.45999999999999996,
    0.45999999999999996,
    0.45999999999999996,
    0.45999999999999996,
    0.45999999999999996,
    0.45999999999999996,
    0.45999999999999996,
    0.45999999999999996,
    0.45999999999999996,
    0.45999999999999996,
    0.45999999999999996,
    0.45999999999999996,
    0.45999999999999996,
    0.45999999999999996,
    0.45999999999999996,
    0.45999999999999996,
    0.45999999999999996,
    0.45999999999999996,
    0.45999999999999996,
    0.46,
    0.46,
    0.46,
    0.46,
    0.46,
    0.46,
    0.46,
    0.46,
    0.46,
    0.46,
    0.46,
    0.46,
    0.46,
    0.46,
    0.46,
    0.46499999999999997,
    0.46499999999999997,
    0.46499999999999997,
    0.46499999999999997,
    0.46499999999999997,
    0.46499999999999997,
    0.46499999999999997,
    0.46499999999999997,
    0.46499999999999997,
    0.46499999999999997,
    0.46499999999999997,
    0.46499999999999997,
    0.46499999999999997,
    0.46499999999999997,
    0.46499999999999997,
    0.46499999999999997,
    0.46499999999999997,
    0.46499999999999997,
    0.46499999999999997,
    0.46499999999999997,
    0.46499999999999997,
    0.46499999999999997,
    0.46499999999999997,
    0.46499999999999997,
    0.46499999999999997,
    0.46499999999999997,
    0.46499999999999997,
    0.46499999999999997,
    0.46499999999999997,
    0.46499999999999997,
    0.46499999999999997,
    0.46499999999999997,
    0.46499999999999997,
    0.46499999999999997,
    0.46499999999999997,
    0.46499999999999997,
    0.46499999999999997,
    0.46499999999999997,
    0.46499999999999997,
    0.46499999999999997,
    0.46499999999999997,
    0.46499999999999997,
    0.46499999999999997,
    0.46499999999999997,
    0.465,
    0.465,
    0.465,
    0.465,
    0.465,
    0.465,
    0.465,
    0.465,
    0.47,
    0.47,
    0.47,
    0.47,
    0.47,
    0.47,
    0.47,
    0.47,
    0.47,
    0.47,
    0.47,
    0.47,
    0.47,
    0.47,
    0.47,
    0.47,
    0.47,
    0.47,
    0.47,
    0.47,
    0.47,
    0.47,
    0.47,
    0.47,
    0.47,
    0.47,
    0.47,
    0.47,
    0.47,
    0.47,
    0.47,
    0.47,
    0.47,
    0.47,
    0.47,
    0.47,
    0.47,
    0.47,
    0.47,
    0.47,
    0.47,
    0.47,
    0.47,
    0.47,
    0.47,
    0.47,
    0.47,
    0.47,
    0.47,
    0.47,
    0.47,
    0.47,
    0.47,
    0.47,
    0.47,
    0.47,
    0.47,
    0.47,
    0.475,
    0.475,
    0.475,
    0.475,
    0.475,
    0.475,
    0.475,
    0.475,
    0.475,
    0.475,
    0.475,
    0.475,
    0.475,
    0.475,
    0.475,
    0.475,
    0.475,
    0.475,
    0.475,
    0.475,
    0.475,
    0.475,
    0.475,
    0.475,
    0.475,
    0.475,
    0.475,
    0.475,
    0.475,
    0.475,
    0.475,
    0.475,
    0.475,
    0.475,
    0.475,
    0.475,
    0.475,
    0.475,
    0.475,
    0.475,
    0.475,
    0.475,
    0.475,
    0.475,
    0.475,
    0.475,
    0.475,
    0.475,
    0.475,
    0.475,
    0.475,
    0.475,
    0.48,
    0.48,
    0.48,
    0.48,
    0.48,
    0.48,
    0.48,
    0.48,
    0.48,
    0.48,
    0.48,
    0.48,
    0.48,
    0.48,
    0.48,
    0.48,
    0.48,
    0.48,
    0.48,
    0.48,
    0.48,
    0.48,
    0.48,
    0.48,
    0.48,
    0.48,
    0.48,
    0.48,
    0.48,
    0.48,
    0.48,
    0.48,
    0.48,
    0.48,
    0.48,
    0.48,
    0.48,
    0.48,
    0.48,
    0.48,
    0.48,
    0.48,
    0.48,
    0.48,
    0.48,
    0.48,
    0.48,
    0.48,
    0.48,
    0.48,
    0.48,
    0.48,
    0.485,
    0.485,
    0.485,
    0.485,
    0.485,
    0.485,
    0.485,
    0.485,
    0.485,
    0.485,
    0.485,
    0.485,
    0.485,
    0.485,
    0.485,
    0.485,
    0.485,
    0.485,
    0.485,
    0.485,
    0.485,
    0.485,
    0.485,
    0.485,
    0.485,
    0.485,
    0.485,
    0.485,
    0.485,
    0.485,
    0.485,
    0.485,
    0.485,
    0.485,
    0.485,
    0.485,
    0.485,
    0.485,
    0.485,
    0.485,
    0.485,
    0.485,
    0.485,
    0.485,
    0.485,
    0.485,
    0.485,
    0.485,
    0.485,
    0.485,
    0.485,
    0.485,
    0.485,
    0.485,
    0.485,
    0.485,
    0.485,
    0.485,
    0.485,
    0.485,
    0.485,
    0.485,
    0.485,
    0.485,
    0.485,
    0.485,
    0.485,
    0.49,
    0.49,
    0.49,
    0.49,
    0.49,
    0.49,
    0.49,
    0.49,
    0.49,
    0.49,
    0.49,
    0.49,
    0.49,
    0.49,
    0.49,
    0.49,
    0.49,
    0.49,
    0.49,
    0.49,
    0.49,
    0.49,
    0.49,
    0.49,
    0.49,
    0.49,
    0.49,
    0.49,
    0.49,
    0.49,
    0.49,
    0.49,
    0.49,
    0.49,
    0.49,
    0.49,
    0.49,
    0.49,
    0.49,
    0.49,
    0.49,
    0.49,
    0.49,
    0.49,
    0.49,
    0.49,
    0.495,
    0.495,
    0.495,
    0.495,
    0.495,
    0.495,
